,Fundos,Setor,Preço Atual (R$),P/VP,Último Dividendo,Dividend Yield,DY Ano,Rentab. Período,Rentab. Acumulada,VPA,P/VPA,DY Patrimonial,Variação Patrimonial,Rentab. Patr. Período,Rentab. Patr. Acumulada,Quant. Ativos,Volatilidade
0,AAZQ11,Indefinido,8.72,0.9,0.12,1.32,13.17,0.55,3.82,9.65,0.9,1.24,0.0,0.0,0.0,0,13.57
1,ABCP11,Shoppings,68.09,0.74,0.6,0.86,8.46,1.28,2.1,91.88,0.74,0.65,0.07,0.72,7.89,1,15.52
2,AFHI11,Papéis,96.45,1.0,1.0,1.03,12.1,1.85,13.37,96.43,1.0,1.04,1.54,2.59,9.02,0,8.25
3,AGRX11,Outros,10.85,0.0,0.15,1.37,16.0,3.16,25.45,0.0,0.0,0.0,0.0,0.0,0.0,0,22.43
4,AIEC11,Lajes Corporativas,54.47,0.57,0.78,1.39,12.35,-1.6,-8.83,95.16,0.57,0.82,1.76,2.6,3.78,2,17.25
5,ALMI11,Lajes Corporativas,703.98,0.35,0.37,0.0,0.0,0.0,0.0,0.0,0.34,0.0,-0.05,-0.05,0.9,1,31.62
6,ALZM11,Fundo de Fundos,85.6,0.98,0.9,1.04,10.4,0.46,10.67,87.42,0.98,1.03,-5.54,-4.57,-0.6,0,20.06
7,ALZR11,Misto,117.4,1.1,0.83,0.7,7.86,3.07,11.27,106.95,1.1,0.77,0.06,0.83,8.89,13,11.23
8,APTO11,Imóveis Residenciais,9.54,0.92,0.09,0.93,11.96,0.11,24.26,10.32,0.92,0.87,3.61,4.52,19.34,4,17.06
9,APXM11,Shoppings,102.99,1.07,0.54,0.52,1.27,0.52,-12.5,0.0,0.0,0.0,0.0,0.0,0.0,1,63.46
10,ARCT11,Imóveis Industriais e Logísticos,87.13,0.87,0.5,0.0,0.0,0.0,0.0,99.77,0.87,0.76,0.04,0.8,6.31,9,15.63
11,AROA11,Imóveis Industriais e Logísticos,0.0,0.0,0.01,0.0,0.0,0.0,0.0,0.0,0.0,0.0,0.0,0.0,0.0,6,0.0
12,ARRI11,Papéis,8.97,1.0,0.1,1.1,12.63,3.15,10.57,8.97,1.0,1.11,1.24,2.37,-88.75,0,14.38
13,ARXD11,Papéis,95.0,0.96,1.0,1.06,2.06,-4.96,-4.96,0.0,0.0,0.0,0.0,0.0,0.0,0,25.46
14,ASMT11,Lajes Corporativas,52.43,0.62,0.77,1.11,1.11,-4.46,-4.46,0.0,0.0,0.0,0.0,0.0,0.0,3,48.49
15,ASRF11,Indefinido,0.0,1.0,256.33,0.0,0.0,0.0,0.0,0.0,0.0,0.0,0.0,0.0,0.0,0,0.0
16,ATSA11,Shoppings,54.98,0.67,0.05,0.0,0.07,0.0,0.0,81.57,0.67,0.06,0.16,0.22,-8.99,1,29.24
17,AURB11,Imóveis Comerciais - Outros,0.0,0.0,0.2,0.0,0.0,0.0,0.0,0.0,0.0,0.0,0.0,0.0,0.0,2,0.0
18,BARI11,Papéis,79.22,0.82,0.67,0.84,10.31,-2.22,1.06,96.23,0.82,0.7,0.91,1.61,6.21,0,15.47
19,BBFI11B,Lajes Corporativas,0.0,0.54,7.21,0.65,10.72,21.43,-37.37,0.0,0.54,0.34,-0.86,-0.53,-18.93,2,56.22
20,BBFO11,Fundo de Fundos,70.47,0.87,0.64,0.9,10.72,-0.67,18.18,80.76,0.87,0.79,-1.19,-0.4,4.34,0,13.19
21,BBGO11,Indefinido,85.86,0.88,0.9,1.05,12.77,-1.79,19.14,97.61,0.88,0.92,-0.33,0.59,8.74,0,13.13
22,BBIM11,Papéis,0.0,0.0,0.63,0.0,0.0,0.0,0.0,13.2,0.0,4.77,-56.06,-53.96,-67.78,0,0.0
23,BBPO11,Agências de Bancos,96.75,0.97,0.91,0.96,10.79,2.87,22.86,99.05,0.98,0.92,-1.45,-0.55,16.43,63,10.28
24,BBRC11,Agências de Bancos,115.0,1.07,1.13,0.98,11.29,1.34,28.58,107.25,1.07,1.05,-0.38,0.67,12.13,20,14.01
25,BCFF11,Fundo de Fundos,8.84,0.9,0.07,0.77,8.9,3.38,20.53,9.85,0.9,0.71,-86.67,-86.58,-86.6,1,17.91
26,BCIA11,Fundo de Fundos,100.88,0.94,0.85,0.85,9.55,0.69,29.35,107.13,0.94,0.79,6.85,7.7,12.56,0,14.63
27,BCRI11,Papéis,68.44,0.71,0.75,1.08,11.09,2.0,-18.57,95.95,0.71,0.78,-4.92,-4.17,3.0,0,18.78
28,BDIF11,Fundo de Desenvolvimento,91.13,0.0,1.0,1.09,13.93,-1.33,19.98,0.0,0.0,0.0,0.0,0.0,0.0,0,12.66
29,BDIV11,Indefinido,116.8,0.0,6.9,5.67,19.71,13.56,41.53,0.0,0.0,0.0,0.0,0.0,0.0,0,21.31
30,BICE11,Fundo de Fundos,980.0,0.99,6.27,0.0,4.53,0.0,0.0,991.06,0.99,0.63,-0.57,0.05,7.29,0,47.94
31,BICR11,Papéis,77.99,1.78,22.0,0.0,42.87,0.0,0.0,43.81,1.78,50.22,-55.89,-33.75,-27.33,0,99.42
32,BIDB11,Fundo de Desenvolvimento,87.5,0.0,1.08,1.23,10.84,1.75,11.86,0.0,0.0,0.0,0.0,0.0,0.0,0,8.83
33,BIME11,Indefinido,7.23,0.83,0.08,1.09,12.27,0.82,7.98,8.72,0.83,0.92,-3.43,-2.55,4.49,3,14.86
34,BIPD11,Indefinido,0.0,0.0,10.38,0.0,0.0,0.0,0.0,0.0,0.0,0.0,0.0,0.0,0.0,0,0.0
35,BLCA11,Indefinido,122.0,0.88,0.47,0.37,2.31,2.63,2.63,139.19,0.88,0.34,-3.08,-2.76,37.49,1,68.44
36,BLCP11,Imóveis Industriais e Logísticos,91.0,0.81,0.56,0.63,3.64,0.0,0.0,111.74,0.81,0.5,-0.02,0.49,15.81,2,0.87
37,BLMC11,Papéis,83.16,0.86,0.67,0.81,11.13,-0.96,17.71,96.56,0.86,0.7,0.47,1.17,4.46,0,33.49
38,BLMG11,Imóveis Industriais e Logísticos,40.35,0.48,0.3,0.6,11.86,-10.11,-27.87,84.22,0.48,0.36,-12.22,-11.9,-8.1,1,25.69
39,BLMO11,Lajes Corporativas,0.0,0.48,108.0,0.64,0.64,0.0,0.0,0.0,0.48,0.32,12.64,13.01,28.71,1,66.19
40,BLMR11,Fundo de Fundos,6.49,0.85,0.05,0.79,8.92,-2.98,5.5,7.53,0.86,0.7,-2.71,-2.03,0.75,0,16.83
41,BLUR11,Papéis,90.0,1.0,0.52,0.58,5.62,-7.58,-7.79,0.0,0.0,0.0,0.0,0.0,0.0,0,43.75
42,BMLC11,Lajes Corporativas,105.9,0.95,0.76,0.72,10.64,4.15,17.78,111.79,0.95,0.68,-1.48,-0.81,8.3,2,21.1
43,BNFS11,Agências de Bancos,122.24,1.33,1.37,1.11,13.16,1.27,13.9,91.89,1.33,1.49,0.54,2.03,8.65,18,12.08
44,BODB11,Indefinido,9.29,0.0,0.05,0.54,12.97,0.11,13.76,0.0,0.0,0.0,0.0,0.0,0.0,0,9.06
45,BPFF11,Fundo de Fundos,69.52,0.91,0.62,0.89,10.19,1.61,19.83,76.26,0.91,0.81,3.77,4.61,7.69,0,13.19
46,BPLC11,Misto,0.0,0.0,14.42,0.0,0.0,0.0,0.0,0.0,0.0,0.0,0.0,0.0,0.0,1,0.0
47,BPML11,Shoppings,93.47,0.7,0.27,0.46,0.46,-5.48,-5.48,124.12,0.75,0.22,-0.51,-0.29,0.65,4,26.17
48,BPRP11,Imóveis Industriais e Logísticos,94.0,0.85,0.9,0.0,2.69,0.0,0.0,0.0,0.0,0.0,0.0,0.0,0.0,1,99.3
49,BRCO11,Imóveis Industriais e Logísticos,119.15,0.99,0.95,0.8,8.28,-2.17,30.89,120.6,0.99,0.79,-0.72,0.06,8.89,10,16.22
50,BRCR11,Lajes Corporativas,58.87,0.59,0.41,0.68,8.15,10.13,7.62,100.61,0.59,0.41,0.55,0.96,-0.5,9,20.54
51,BREV11,Lajes Corporativas,105.0,0.89,0.58,0.55,9.28,0.87,15.36,117.73,0.89,0.49,-3.02,-2.55,15.17,13,81.05
52,BRIM11,Fundo de Desenvolvimento,730.0,0.68,28.42,0.0,0.0,0.0,0.0,0.0,0.0,0.0,0.0,0.0,0.0,1,9.53
53,BRIP11,Fundo de Desenvolvimento,0.0,0.88,13.93,0.0,9.6,0.0,0.0,0.0,0.0,0.0,0.0,0.0,0.0,10,115.3
54,BRLA11,Imóveis Industriais e Logísticos,135.0,0.85,1.12,0.0,2.3,0.0,0.0,158.26,0.85,0.71,0.17,0.88,-7.06,7,100.35
55,BROF11,Lajes Corporativas,57.7,0.54,0.55,0.89,6.12,-3.99,6.85,0.0,0.0,0.0,0.0,0.0,0.0,2,23.77
56,BRZP11,Indefinido,89.79,0.0,0.47,0.52,4.9,1.55,31.63,0.0,0.0,0.0,0.0,0.0,0.0,0,18.06
57,BTAG11,Indefinido,96.57,0.0,1.25,1.28,15.35,3.36,21.63,0.0,0.0,0.0,0.0,0.0,0.0,0,15.59
58,BTAL11,Imóveis Industriais e Logísticos,73.43,0.7,0.68,0.84,8.49,-4.5,-7.79,104.48,0.7,0.65,-0.55,0.1,8.51,9,19.45
59,BTCI11,Papéis,9.49,0.93,0.1,1.01,12.02,-1.64,21.25,0.0,0.0,0.0,0.0,0.0,0.0,0,11.75
60,BTCR11,Papéis,88.0,0.92,0.9,0.98,11.55,-5.04,11.14,95.27,0.92,0.94,0.64,1.59,4.62,0,32.78
61,BTHI11,Hotéis,44.29,1.03,0.41,0.91,114.34,4.34,-9.12,0.0,0.0,0.0,0.0,0.0,0.0,12,77.47
62,BTLG11,Imóveis Industriais e Logísticos,100.92,1.02,0.76,0.75,8.28,1.79,11.24,99.06,1.02,0.77,0.29,1.06,6.28,20,10.64
63,BTRA11,Indefinido,58.55,0.47,0.56,0.9,9.24,-2.98,-19.17,125.96,0.46,0.44,-9.19,-8.78,29.88,5,23.53
64,BTSG11,Imóveis Industriais e Logísticos,139.0,1.01,0.91,0.66,2.39,0.0,0.0,137.73,1.01,0.66,0.06,0.72,10.93,1,57.64
65,BTSI11,Misto,97.5,0.81,0.73,0.0,0.0,0.0,0.0,0.0,0.0,0.0,0.0,0.0,0.0,2,294.91
66,BTWR11,Fundo de Desenvolvimento,109.4,0.98,0.6,0.55,0.55,0.0,0.0,111.8,0.98,0.54,-0.19,0.35,8.43,1,17.46
67,BZEL11,Misto,0.0,0.0,0.08,0.0,0.0,0.0,0.0,0.0,0.0,0.0,0.0,0.0,0.0,0,0.0
68,CACR11,Papéis,99.98,0.99,1.42,1.39,15.14,-1.31,14.88,100.82,0.99,1.41,-2.62,-1.25,37.92,0,9.22
69,CARE11,Misto,1.33,0.16,0.01,0.23,1.36,-2.41,-7.39,1.6,0.83,0.1,-0.24,-0.14,3.56,1,38.62
70,CBOP11,Lajes Corporativas,31.0,0.42,0.12,0.38,3.68,2.27,-37.14,73.79,0.42,0.16,-0.04,0.12,-10.77,1,22.67
71,CCME11,Indefinido,108.0,1.05,0.9,0.83,2.48,0.0,0.0,0.0,0.0,0.0,0.0,0.0,0.0,2,62.49
72,CCRF11,Papéis,92.5,1.02,0.63,0.7,8.14,0.0,0.0,97.87,0.95,0.65,1.98,2.64,5.45,0,57.5
73,CDII11,Indefinido,106.59,0.0,1.16,1.09,7.15,1.26,3.54,0.0,0.0,0.0,0.0,0.0,0.0,0,6.59
74,CEOC11,Lajes Corporativas,45.3,0.58,0.43,0.96,11.62,0.8,-5.63,78.46,0.58,0.55,-0.43,0.12,-8.69,1,28.76
75,CFHI11,Fundo de Desenvolvimento,0.0,0.0,24.31,0.0,0.0,0.0,0.0,0.0,0.0,0.0,0.0,0.0,0.0,2,0.0
76,CJCT11,Lajes Corporativas,68.5,1.04,0.12,0.17,20.9,-1.36,54.69,57.9,1.18,0.0,0.58,0.58,0.58,1,32.06
77,CNES11,Lajes Corporativas,22.7,0.25,0.08,0.35,3.17,1.99,-23.57,90.81,0.25,0.09,1.54,1.63,6.08,1,36.03
78,COPP11,Lajes Corporativas,103.0,0.98,0.75,0.0,0.0,0.0,0.0,0.0,0.0,0.0,0.0,0.0,0.0,3,13.16
79,CORM11,Lajes Corporativas,0.0,0.0,0.77,0.9,6.2,-2.1,-4.27,90.56,0.0,0.89,-2.33,-1.45,0.21,0,0.0
80,CPFF11,Fundo de Fundos,73.58,0.89,0.68,0.91,8.82,0.74,26.81,82.37,0.89,0.83,6.59,7.47,13.43,0,17.45
81,CPFO11,Fundo de Fundos,0.0,0.0,31.42,0.0,0.0,0.0,0.0,0.0,0.0,0.0,0.0,0.0,0.0,0,0.0
82,CPSH11,Indefinido,109.0,0.96,1.0,0.92,4.43,-0.05,-1.52,0.0,0.0,0.0,0.0,0.0,0.0,1,18.99
83,CPTI11,Fundo de Desenvolvimento,98.2,0.0,1.0,1.02,11.6,0.06,12.06,0.0,0.0,0.0,0.0,0.0,0.0,0,9.67
84,CPTR11,Indefinido,8.88,0.91,0.11,1.18,4.16,-1.58,-90.56,9.78,0.91,1.07,-90.09,-89.98,-89.84,0,91.12
85,CPTS11,Papéis,7.95,0.88,0.06,0.77,10.0,0.01,8.28,9.04,0.88,0.67,-89.82,-89.75,-89.64,0,15.38
86,CRAA11,Indefinido,99.96,0.99,1.2,1.19,10.74,0.68,7.05,101.4,0.99,1.18,0.0,0.0,0.0,0,5.85
87,CRFF11,Fundo de Fundos,76.7,0.87,0.64,0.81,9.3,-4.47,33.06,88.58,0.87,0.72,5.45,6.21,12.16,0,28.55
88,CSMC11,Indefinido,0.0,0.0,20.67,0.0,0.0,0.0,0.0,0.0,0.0,0.0,0.0,0.0,0.0,5,0.0
89,CTXT11,Lajes Corporativas,11.85,0.38,0.01,0.04,1.01,1.04,-48.0,48.33,0.25,0.19,-0.1,0.09,0.54,1,34.59
90,CVBI11,Papéis,88.75,0.93,0.8,0.89,11.38,-1.35,9.96,95.9,0.93,0.83,2.17,3.03,9.92,0,14.04
91,CVPR11,Indefinido,0.0,0.0,0.85,0.0,0.0,0.0,0.0,0.0,0.0,0.0,0.0,0.0,0.0,0,0.0
92,CXAG11,Agências de Bancos,78.8,0.68,0.71,0.9,10.16,-0.2,13.07,115.65,0.68,0.61,0.87,1.49,20.82,32,12.32
93,CXCE11B,Lajes Corporativas,43.4,0.66,0.43,1.0,10.82,4.33,14.79,65.32,0.66,0.66,-0.43,0.23,1.4,1,17.25
94,CXCI11,Indefinido,84.43,0.9,0.85,1.0,11.21,-0.26,24.51,93.69,0.9,0.91,0.62,1.54,3.72,0,15.27
95,CXCO11,Lajes Corporativas,77.98,0.79,0.74,0.96,11.42,3.05,21.51,99.31,0.79,0.74,0.01,0.75,13.53,10,16.28
96,CXRI11,Fundo de Fundos,76.54,0.85,0.58,0.74,8.72,-0.53,35.4,89.72,0.85,0.65,8.55,9.26,14.33,3,22.05
97,CXTL11,Imóveis Industriais e Logísticos,232.98,0.56,1.73,0.74,28.32,-14.94,-29.37,416.57,0.56,0.41,-14.9,-14.55,-28.36,1,56.85
98,CYCR11,Indefinido,9.3,0.95,0.1,1.07,12.58,1.61,18.53,9.77,0.95,1.02,2.41,3.46,-88.84,0,13.62
99,DAMT11B,Shoppings,11.8,0.9,0.05,0.35,5.79,-7.62,3.95,0.0,0.0,0.0,0.0,0.0,0.0,1,85.03
100,DCRA11,Misto,8.85,0.0,0.1,1.09,14.23,-0.96,14.81,0.0,0.0,0.0,0.0,0.0,0.0,0,10.44
101,DEVA11,Papéis,42.44,0.43,0.47,1.06,12.56,2.8,-45.39,98.18,0.43,0.48,-3.08,-2.62,16.77,0,42.26
102,DLMT11,Varejo,0.0,0.0,0.01,0.0,0.0,0.0,0.0,0.0,0.0,0.0,0.0,0.0,0.0,5,0.0
103,DPRO11,Indefinido,8.0,0.85,0.06,0.6,42.45,8.88,-87.23,0.0,0.0,0.0,0.0,0.0,0.0,1,0.0
104,DRIT11B,Lajes Corporativas,83.3,0.63,0.39,0.0,5.25,0.0,0.0,132.78,0.63,0.29,0.32,0.61,9.1,4,58.26
105,DVFF11,Fundo de Fundos,7.98,0.86,0.08,0.92,10.78,1.92,27.23,9.28,0.86,0.81,-89.81,-89.73,-88.79,0,23.37
106,EDFO11B,Lajes Corporativas,229.98,1.27,1.78,0.0,7.05,0.0,0.0,180.67,1.27,0.98,-5.84,-4.92,3.53,1,60.15
107,EDGA11,Lajes Corporativas,21.05,0.34,0.08,0.37,4.75,-8.73,8.23,61.32,0.34,0.12,0.03,0.16,-6.12,1,34.06
108,EGAF11,Indefinido,98.11,0.99,1.2,1.21,14.88,0.87,11.75,98.73,0.99,1.22,0.0,0.0,0.0,0,8.39
109,ENDD11,Indefinido,103.99,0.0,2.57,2.55,2.55,21.55,21.55,0.0,0.0,0.0,0.0,0.0,0.0,0,18.76
110,EQIA11,Fiagro,0.0,0.0,0.45,0.0,0.0,0.0,0.0,0.0,0.0,0.0,0.0,0.0,0.0,0,0.0
111,EQIR11,Indefinido,9.61,0.96,0.11,1.07,12.01,0.29,20.29,9.73,0.99,1.13,-0.31,0.82,-89.42,0,16.6
112,ERCR11,Varejo,0.0,1.52,0.0,0.0,0.0,0.0,0.0,0.0,1.48,3.3,-22.78,-20.23,-15.37,0,0.0
113,ERPA11,Lajes Corporativas,123.0,0.9,0.72,0.0,1.24,0.0,0.0,137.18,0.9,0.52,0.08,0.61,23.77,2,35.12
114,ESUD11,Indefinido,0.0,0.0,182.43,0.0,0.0,0.0,0.0,0.0,0.0,0.0,0.0,0.0,0.0,0,0.0
115,ESUT11,Indefinido,17.0,0.0,64.25,0.0,0.0,0.0,0.0,0.0,0.0,0.0,0.0,0.0,0.0,0,573.29
116,ESUU11,Indefinido,0.0,0.0,16.28,0.0,0.0,0.0,0.0,0.0,0.0,0.0,0.0,0.0,0.0,0,0.0
117,EURO11,Imóveis Industriais e Logísticos,249.89,0.77,1.88,0.76,8.51,1.14,17.59,325.45,0.77,0.58,0.22,0.8,12.29,7,19.82
118,EVBI11,Misto,96.37,0.97,0.75,0.77,8.73,-0.44,11.98,99.15,0.97,0.76,-0.59,0.16,8.17,7,18.73
119,EXES11,Indefinido,90.0,0.98,0.78,0.0,0.0,0.0,0.0,0.0,0.0,0.0,0.0,0.0,0.0,0,71.96
120,FAED11,Educacional,154.96,0.71,1.48,0.98,11.13,5.37,14.74,219.1,0.71,0.68,0.68,1.36,7.87,3,17.69
121,FAMB11B,Lajes Corporativas,874.0,0.31,9.16,0.56,5.64,-47.51,-53.68,0.0,0.24,0.25,0.53,0.79,12.82,1,60.17
122,FATN11,Lajes Corporativas,92.15,0.93,0.85,0.92,9.76,1.17,8.35,99.28,0.93,0.86,0.27,1.13,6.65,43,10.56
123,FCFL11,Educacional,111.29,0.95,0.86,0.77,8.08,-2.22,6.27,117.08,0.95,0.73,0.78,1.52,19.68,1,19.39
124,FEXC11,Papéis,83.5,0.1,0.5,0.0,0.0,0.0,0.0,90.75,0.92,0.99,-1.13,-0.15,7.12,0,14.57
125,FGAA11,Indefinido,9.15,0.96,0.11,1.16,14.32,-2.44,8.97,9.58,0.96,1.15,0.0,0.0,0.0,0,8.8
126,FIGS11,Shoppings,60.37,0.79,0.45,0.76,8.85,-2.21,27.64,76.28,0.79,0.59,-0.26,0.33,-19.29,2,17.23
127,FIIB11,Imóveis Industriais e Logísticos,509.98,1.1,3.65,0.72,7.8,-1.35,17.83,461.58,1.1,0.79,0.02,0.81,10.85,9,15.0
128,FIIP11B,Imóveis Industriais e Logísticos,173.99,0.86,1.44,0.84,9.62,-0.48,28.13,203.43,0.86,0.71,9.27,10.04,10.97,7,21.97
129,FISC11,Lajes Corporativas,64.22,0.56,0.38,0.58,0.58,0.0,0.0,114.81,0.56,0.33,-0.22,0.11,0.61,5,173.52
130,FLCR11,Papéis,96.98,0.99,1.0,1.02,12.83,1.8,15.31,97.79,0.99,1.02,-0.64,0.38,10.39,0,9.76
131,FLMA11,Lajes Corporativas,140.0,0.87,0.97,0.7,7.56,-0.61,15.64,160.37,0.87,0.6,0.07,0.68,9.89,2,20.28
132,FLRP11,Shoppings,0.0,1.13,13.5,0.69,6.69,0.0,0.0,0.0,1.13,0.74,-0.1,0.64,12.37,1,49.33
133,FMOF11,Lajes Corporativas,53.0,0.45,0.15,0.0,0.0,0.0,0.0,118.65,0.45,0.13,0.05,0.18,-2.95,2,51.1
134,FPAB11,Lajes Corporativas,199.99,0.53,0.9,0.44,10.72,2.87,64.68,374.18,0.53,0.24,-0.22,0.02,-4.05,2,45.86
135,FRHY11,Indefinido,0.0,0.0,1.03,0.0,0.0,0.0,0.0,0.0,0.0,0.0,0.0,0.0,0.0,0,0.0
136,FVPQ11,Shoppings,110.04,0.57,0.98,0.86,10.56,-1.39,26.25,191.97,0.57,0.51,-0.16,0.35,2.02,1,21.82
137,FZDA11,Indefinido,124.98,0.56,2.26,1.9,1.9,0.0,0.0,101.94,1.23,2.21,0.0,0.0,0.0,0,45.44
138,GALG11,Imóveis Industriais e Logísticos,9.18,1.01,0.08,0.9,10.13,-0.17,9.43,9.06,1.01,0.93,-2.69,-1.78,-90.24,5,10.1
139,GAME11,Indefinido,8.98,0.92,0.1,1.11,12.28,-0.98,15.29,9.79,0.92,1.02,-0.51,0.51,-98.83,0,8.86
140,GCFF11,Fundo de Fundos,69.3,0.89,3.07,0.0,3.26,0.0,0.0,76.43,0.91,0.98,-6.08,-5.16,-9.01,0,10.94
141,GCOI11,Indefinido,98.99,1.02,0.81,0.0,0.0,0.0,0.0,0.0,0.0,0.0,0.0,0.0,0.0,0,0.0
142,GCRA11,Indefinido,69.2,0.7,1.0,1.38,14.0,-14.9,-14.59,98.28,0.7,1.02,0.29,1.31,14.21,0,12.43
143,GCRI11,Papéis,83.77,0.88,0.95,1.12,12.57,-3.48,1.94,94.96,0.88,1.0,0.63,1.63,3.8,0,9.37
144,GESE11B,Educacional,0.0,1.36,0.0,0.0,0.0,0.0,0.0,0.0,1.36,104.32,-36.85,29.02,33.17,1,0.0
145,GGRC11,Imóveis Industriais e Logísticos,113.18,1.0,0.92,0.81,9.5,1.35,7.93,118.54,0.95,0.78,-4.69,-3.95,-1.39,17,15.55
146,GLOG11,Imóveis Industriais e Logísticos,63.25,0.59,0.63,1.0,10.68,1.29,-4.37,0.0,0.0,0.0,0.0,0.0,0.0,1,14.01
147,GRWA11,Indefinido,11.67,1.15,0.15,1.28,10.34,4.04,26.76,10.18,1.15,1.47,0.0,0.0,0.0,0,8.37
148,GSFI11,Shoppings,7.58,0.52,0.0,0.03,0.03,0.03,0.03,11.9,0.64,0.01,0.01,0.02,0.02,9,16.9
149,GTLG11,Imóveis Industriais e Logísticos,63.99,1.06,60.62,0.0,0.0,0.0,0.0,60.62,1.06,100.0,-35.83,28.33,35.22,5,44.07
150,GTWR11,Lajes Corporativas,81.2,0.85,0.79,0.96,10.87,2.57,15.33,95.14,0.85,0.83,0.46,1.3,6.64,3,15.3
151,GURB11,Indefinido,108.0,0.97,0.7,0.0,0.83,0.0,0.0,0.0,0.0,0.0,0.0,0.0,0.0,2,11.37
152,GZIT11,Indefinido,0.0,0.0,0.32,0.0,0.0,0.0,0.0,0.0,0.0,0.0,0.0,0.0,0.0,9,0.0
153,HAAA11,Lajes Corporativas,45.21,0.56,0.29,0.61,5.88,-13.11,-40.24,80.56,0.56,0.36,-10.15,-9.83,-8.37,2,25.46
154,HABT11,Papéis,85.56,0.87,1.0,1.14,13.86,-0.44,12.38,97.88,0.87,1.02,-1.9,-0.9,16.03,0,13.24
155,HBCR11,Indefinido,117.39,0.98,0.62,0.0,2.53,0.0,0.0,0.0,0.0,0.0,0.0,0.0,0.0,4,23.72
156,HBRH11,Lajes Corporativas,93.0,0.83,0.24,0.25,6.43,2.88,18.33,111.96,0.83,0.21,-1.1,-0.89,7.09,5,13.03
157,HCHG11,Papéis,76.4,0.78,0.52,0.66,11.2,-3.33,2.01,97.76,0.78,0.53,-3.32,-2.81,12.24,0,30.76
158,HCRA11,Indefinido,105.89,0.0,1.1,1.07,9.57,1.07,6.68,0.0,0.0,0.0,0.0,0.0,0.0,0,18.17
159,HCRI11,Hospitalar,303.01,0.97,3.0,0.99,11.26,4.24,49.41,312.06,0.97,0.96,1.33,2.31,9.49,1,21.66
160,HCTR11,Papéis,35.6,0.31,0.34,0.93,9.58,-2.36,-60.34,114.32,0.31,0.3,-5.82,-5.54,11.37,0,53.86
161,HDEL11,Imóveis Industriais e Logísticos,107.5,1.16,1.87,0.0,0.0,0.0,0.0,0.0,0.0,0.0,0.0,0.0,0.0,0,7.3
162,HFOF11,Fundo de Fundos,73.4,0.92,0.63,0.86,9.54,-1.55,15.52,79.52,0.92,0.79,-1.68,-0.9,3.21,0,14.17
163,HGAG11,Indefinido,22.35,0.94,0.16,0.71,11.96,-4.4,-6.53,23.69,0.94,0.68,0.0,0.0,0.0,0,102.85
164,HGBS11,Shoppings,223.98,1.0,2.0,0.9,8.58,-1.49,27.87,224.62,1.0,0.89,1.22,2.12,13.06,13,11.87
165,HGCR11,Papéis,103.84,1.02,1.0,0.96,11.97,-1.14,14.55,101.88,1.02,0.98,0.91,1.9,15.88,0,11.32
166,HGFF11,Fundo de Fundos,83.2,0.91,0.7,0.84,9.14,-2.02,27.8,91.67,0.91,0.76,5.56,6.37,12.05,0,17.61
167,HGIC11,Papéis,105.54,0.88,1.0,0.95,9.49,1.5,0.17,119.92,0.88,0.83,4.53,5.4,25.32,0,30.85
168,HGLG11,Imóveis Industriais e Logísticos,154.99,1.01,1.1,0.68,7.73,2.85,5.97,152.83,1.01,0.72,-0.78,-0.06,15.86,25,8.38
169,HGPO11,Lajes Corporativas,283.0,0.95,1.5,0.54,6.5,1.0,12.22,298.84,0.95,0.5,-0.18,0.32,19.54,2,13.38
170,HGRE11,Lajes Corporativas,128.01,0.83,0.78,0.6,7.21,6.7,13.72,154.51,0.83,0.5,-1.52,-1.02,-0.71,17,23.15
171,HGRS11,Imóveis Residenciais,0.0,0.0,1.15,0.0,0.0,0.0,0.0,92.86,0.0,0.0,0.0,0.0,0.0,2,0.0
172,HGRU11,Misto,130.1,1.05,0.85,0.63,7.78,4.68,18.95,123.67,1.05,0.69,0.63,1.33,15.19,71,14.6
173,HILG11,Indefinido,0.0,0.0,1.34,0.0,0.0,0.0,0.0,0.0,0.0,0.0,0.0,0.0,0.0,1,0.0
174,HLOG11,Imóveis Industriais e Logísticos,87.1,0.76,0.65,0.73,8.04,-0.06,7.11,115.01,0.76,0.57,-1.25,-0.7,10.1,5,15.63
175,HOFC11,Lajes Corporativas,18.47,0.21,0.11,0.55,8.37,-3.81,-22.37,0.0,0.0,0.0,0.0,0.0,0.0,4,23.1
176,HOSI11,Imóveis Residenciais,81.76,0.88,0.77,0.94,10.24,20.82,56.34,92.81,0.88,0.83,0.81,1.65,7.54,0,46.09
177,HPDP11,Shoppings,86.65,0.98,0.53,0.62,6.47,0.0,0.0,88.35,0.98,0.6,-1.02,-0.43,-0.65,1,47.1
178,HRDF11,Fundo de Desenvolvimento,3.53,0.55,5.4,0.0,0.0,0.0,0.0,0.0,0.0,0.0,0.0,0.0,0.0,0,387.39
179,HREC11,Papéis,84.0,0.91,0.85,1.01,11.81,0.34,15.64,91.95,0.91,0.92,3.45,4.41,14.93,0,14.52
180,HSAF11,Papéis,84.0,0.92,0.8,0.94,11.92,3.68,21.13,91.78,0.92,0.87,0.48,1.36,10.57,0,14.57
181,HSLG11,Imóveis Industriais e Logísticos,91.37,0.88,0.74,0.81,9.11,0.75,12.02,103.68,0.88,0.71,-1.2,-0.5,0.89,5,16.87
182,HSML11,Shoppings,91.88,0.97,0.74,0.79,9.19,2.79,25.2,94.34,0.97,0.78,-3.32,-2.56,2.54,7,12.9
183,HSRE11,Misto,106.0,1.13,0.6,0.56,4.71,-3.22,-0.36,93.55,1.13,0.64,-2.59,-1.97,4.26,28,26.22
184,HTMX11,Hotéis,181.3,1.4,3.7,2.09,15.91,13.65,85.79,129.55,1.4,2.86,-7.7,-5.06,9.86,22,26.33
185,HUCG11,Hospitalar,104.24,1.0,0.2,0.2,2.75,0.0,0.0,0.0,0.0,0.0,0.0,0.0,0.0,2,81.96
186,HUSC11,Hospitalar,119.35,0.82,0.95,0.77,8.33,8.64,32.37,145.38,0.82,0.65,-0.93,-0.29,7.87,2,43.57
187,HUSI11,Hospitalar,0.0,0.9,8.37,0.0,1.33,0.0,0.0,0.0,0.9,0.75,12.05,12.89,18.74,0,245.91
188,IAAG11,Indefinido,9.4,0.97,0.08,0.82,3.95,-0.61,-0.31,9.65,0.97,0.83,0.0,0.0,0.0,0,9.86
189,IBCR11,Papéis,77.41,0.8,1.0,1.28,13.35,-2.15,5.3,96.41,0.8,1.04,2.65,3.72,12.49,0,15.8
190,IBFF11,Fundo de Fundos,66.4,4.49,14.79,0.0,5.41,0.0,0.0,14.78,4.49,100.08,-79.09,-58.15,-58.47,0,4.2
191,IDFI11,Indefinido,24.9,0.82,2.45,9.59,95.21,8.53,14.32,27.8,0.9,2.04,-50.32,-49.31,-58.66,2,50.16
192,IDGR11,Misto,12.74,1.03,0.11,0.83,8.05,3.78,10.23,0.0,0.0,0.0,0.0,0.0,0.0,1,75.04
193,IFRA11,Fundo de Desenvolvimento,107.04,0.0,1.09,1.03,10.83,3.33,16.29,0.0,0.0,0.0,0.0,0.0,0.0,0,10.18
194,IRDM11,Papéis,75.12,0.86,0.77,1.02,11.0,-3.92,-9.36,87.27,0.86,0.88,-5.96,-5.13,-1.32,0,15.12
195,IRIM11,Indefinido,81.58,0.89,1.0,1.23,11.76,-0.61,-3.42,91.31,0.89,1.1,-6.18,-5.15,-1.54,0,15.41
196,ITIP11,Papéis,75.18,1.01,0.68,0.87,11.27,1.39,9.08,74.15,1.01,0.92,-7.42,-6.57,-4.34,0,13.55
197,ITIT11,Fundo de Fundos,74.16,0.88,0.63,0.84,8.67,-0.3,1.73,84.55,0.88,0.75,7.08,7.88,15.12,0,11.17
198,JASC11,Imóveis Comerciais - Outros,103.0,0.96,0.52,0.0,0.0,0.0,0.0,0.0,0.0,0.0,0.0,0.0,0.0,13,15.43
199,JBFO11,Papéis,87.0,1.05,0.25,0.0,0.0,0.0,0.0,0.0,0.0,0.0,0.0,0.0,0.0,0,38.5
200,JCCJ11,Papéis,124.95,0.72,0.37,0.0,0.24,0.0,0.0,0.0,0.0,0.0,0.0,0.0,0.0,0,15.54
201,JFLL11,Imóveis Residenciais,72.15,0.71,0.62,0.82,10.04,6.99,26.87,100.94,0.71,0.61,-0.04,0.57,9.29,2,23.59
202,JGPX11,Indefinido,90.66,0.95,0.95,0.98,13.36,4.81,14.18,95.36,0.95,1.0,-0.64,0.35,11.27,0,15.67
203,JPPA11,Papéis,91.54,0.94,1.05,1.14,14.0,-3.18,0.25,97.79,0.94,1.07,-0.54,0.53,13.13,0,12.52
204,JRDM11,Shoppings,85.9,0.97,7.83,0.0,0.0,0.0,0.0,88.84,0.97,0.45,-1.16,-0.71,7.23,1,19.05
205,JSAF11,Fundo de Fundos,101.54,1.04,1.0,0.98,11.49,0.38,36.01,97.25,1.04,1.03,3.52,4.59,12.91,0,19.29
206,JSRE11,Misto,72.66,0.65,0.46,0.63,7.13,6.47,8.14,112.33,0.65,0.41,-0.57,-0.16,4.21,6,19.6
207,JURO11,Fundo de Desenvolvimento,108.19,0.0,1.5,1.39,11.12,3.56,13.86,0.0,0.0,0.0,0.0,0.0,0.0,0,10.86
208,KCRE11,Indefinido,96.18,0.94,0.85,0.9,11.51,0.57,20.04,102.01,0.94,0.83,4.18,5.04,6.22,0,11.98
209,KDIF11,Fundo de Desenvolvimento,135.53,0.0,1.0,0.74,9.21,1.74,16.56,0.0,0.0,0.0,0.0,0.0,0.0,0,13.2
210,KEVE11,Fundo de Desenvolvimento,0.0,1.22,19.57,0.0,3.38,0.0,0.0,918.28,1.23,2.13,-1.49,0.6,-3.27,0,33.2
211,KFOF11,Fundo de Fundos,96.49,1.01,0.8,0.85,9.73,-1.68,32.3,95.67,1.01,0.84,5.28,6.16,12.08,0,21.78
212,KINP11,Fundo de Desenvolvimento,9.82,2.66,2.9,0.0,12.53,0.0,0.0,3.69,2.66,78.46,-16.14,49.66,52.28,0,50.95
213,KISU11,Fundo de Fundos,8.32,0.95,0.08,0.91,9.73,0.06,12.21,8.78,0.95,0.85,0.69,1.55,3.89,0,12.9
214,KIVO11,Papéis,87.9,0.96,1.25,1.4,15.99,0.84,7.73,0.0,0.0,0.0,0.0,0.0,0.0,0,25.75
215,KNCA11,Indefinido,104.08,1.01,1.01,0.96,12.28,-0.91,10.41,103.07,1.01,0.98,0.86,1.85,13.34,0,11.07
216,KNCR11,Papéis,101.92,1.01,1.01,0.99,12.5,0.41,16.8,100.8,1.01,1.0,0.05,1.05,14.38,0,8.27
217,KNHF11,Indefinido,102.95,1.02,1.05,1.02,3.79,1.21,1.7,0.0,0.0,0.0,0.0,0.0,0.0,0,9.24
218,KNHY11,Papéis,101.98,1.0,1.05,1.03,11.94,1.03,16.86,102.46,1.0,1.02,4.82,5.89,19.61,0,9.27
219,KNIP11,Papéis,92.08,0.94,0.7,0.76,9.5,0.75,9.95,97.9,0.94,0.72,4.3,5.05,14.68,0,9.05
220,KNOX11,Indefinido,103.0,0.0,2.44,2.31,7.49,8.06,15.17,0.0,0.0,0.0,0.0,0.0,0.0,0,17.16
221,KNPR11,Indefinido,0.0,0.0,3.88,0.0,0.0,0.0,0.0,0.0,0.0,0.0,0.0,0.0,0.0,0,0.0
222,KNRE11,Fundo de Desenvolvimento,0.4,0.53,0.07,12.52,138.46,-36.99,6.59,0.76,0.53,9.22,-8.43,0.01,-8.02,1,67.78
223,KNRI11,Misto,161.0,1.01,1.0,0.63,7.3,0.52,22.35,159.71,1.01,0.63,-0.08,0.54,8.94,19,13.11
224,KNSC11,Papéis,8.87,0.98,0.07,0.79,10.75,1.71,13.99,9.06,0.98,0.77,-89.72,-89.64,-88.55,0,11.64
225,KNUQ11,Indefinido,101.68,1.01,1.06,1.04,1.98,0.59,0.59,0.0,0.0,0.0,0.0,0.0,0.0,0,7.02
226,LASC11,Shoppings,103.7,1.02,0.54,0.52,9.02,3.49,10.67,102.08,1.02,0.53,-4.56,-4.06,-3.65,3,18.82
227,LAVF11,Indefinido,0.0,0.0,1.3,0.0,0.0,0.0,0.0,0.0,0.0,0.0,0.0,0.0,0.0,0,0.0
228,LFTT11,Papéis,30.8,1.61,1.83,0.0,0.0,0.0,0.0,19.11,1.61,16.48,-52.27,-44.41,-80.41,260,46.51
229,LGCP11,Imóveis Industriais e Logísticos,87.0,0.85,0.72,0.82,8.57,2.44,15.21,102.37,0.85,0.7,-0.41,0.29,8.5,5,16.35
230,LIFE11,Imóveis Comerciais - Outros,10.15,1.0,0.13,1.27,14.47,-1.33,5.62,0.0,0.0,0.0,0.0,0.0,0.0,0,22.1
231,LLAO11,Misto,77.37,1.0,16.62,0.0,0.0,0.0,0.0,0.0,0.0,0.0,0.0,0.0,0.0,16,185.46
232,LOFT11B,Fundo de Desenvolvimento,29.9,2.92,47.9,0.0,92.37,0.0,0.0,0.0,0.0,0.0,0.0,0.0,0.0,18,0.0
233,LPLP11,Indefinido,0.0,0.0,0.23,0.0,0.0,0.0,0.0,0.0,0.0,0.0,0.0,0.0,0.0,0,0.0
234,LSAG11,Misto,98.8,0.0,1.2,1.18,14.93,-2.64,3.87,0.0,0.0,0.0,0.0,0.0,0.0,0,15.92
235,LSPA11,Papéis,107.0,0.93,1.07,0.0,0.0,0.0,0.0,0.0,0.0,0.0,0.0,0.0,0.0,0,19.81
236,LUGG11,Fundo de Desenvolvimento,82.9,0.67,0.5,0.59,7.99,0.27,24.37,123.54,0.67,0.4,-3.32,-2.93,4.59,5,15.36
237,LVBI11,Imóveis Industriais e Logísticos,112.0,0.96,0.9,0.79,7.99,-2.43,19.33,117.26,0.96,0.77,1.52,2.3,7.56,11,18.01
238,MALL11,Shoppings,115.89,0.97,0.8,0.69,8.03,1.04,22.18,119.22,0.97,0.67,-0.58,0.09,16.44,9,11.72
239,MANA11,Indefinido,9.32,0.96,0.1,1.03,12.04,-0.41,8.03,0.0,0.0,0.0,0.0,0.0,0.0,0,26.38
240,MATV11,Indefinido,86.63,0.92,0.6,0.73,1.93,-0.69,-1.08,91.36,0.95,0.66,-1.59,-0.95,0.12,0,32.62
241,MAXR11,Varejo,74.8,0.6,0.77,1.03,10.69,3.46,17.14,124.64,0.6,0.62,1.27,1.89,9.42,8,22.46
242,MBRF11,Lajes Corporativas,0.0,0.0,0.5,0.0,0.0,0.0,0.0,0.0,0.0,0.88,-0.17,0.71,10.03,0,0.0
243,MCCI11,Papéis,93.83,0.98,0.9,0.98,11.21,-0.24,11.1,95.65,0.98,0.94,3.41,4.38,9.22,0,18.28
244,MCHF11,Papéis,8.92,0.93,0.08,0.95,11.52,-4.73,2.15,9.6,0.93,0.83,0.95,1.79,4.61,0,20.59
245,MCHY11,Papéis,111.9,1.12,1.3,1.16,13.38,1.26,15.46,100.13,1.12,1.3,-0.22,1.08,12.48,0,22.67
246,MFAI11,Fundo de Fundos,60.51,0.87,0.44,0.72,8.78,0.03,14.22,69.73,0.87,0.63,2.3,2.95,-5.82,0,22.09
247,MFII11,Fundo de Desenvolvimento,91.19,0.8,1.08,1.18,12.78,-0.88,10.96,113.56,0.8,0.95,7.41,8.43,19.88,8,11.36
248,MGCR11,Papéis,9.4,0.96,0.33,0.0,6.9,0.0,0.0,9.78,0.96,1.02,-89.08,-88.97,-88.55,0,12.76
249,MGFF11,Fundo de Fundos,69.01,0.93,0.52,0.75,9.27,7.71,29.95,74.01,0.93,0.7,3.22,3.95,0.54,0,15.13
250,MGHT11,Hotéis,45.18,0.52,0.52,1.13,12.84,4.25,-8.53,86.16,0.52,0.6,0.68,1.29,-4.19,1,25.58
251,MGLG11,Imóveis Industriais e Logísticos,40.99,0.55,0.35,0.86,0.86,-2.77,-2.77,61.55,0.67,0.57,57.54,58.43,-18.62,2,27.79
252,MGRI11,Indefinido,0.0,0.0,1.44,0.0,0.0,0.0,0.0,0.0,0.0,0.0,0.0,0.0,0.0,1,0.0
253,MMPD11,Indefinido,0.0,0.0,5.18,0.0,0.0,0.0,0.0,0.0,0.0,0.0,0.0,0.0,0.0,0,0.0
254,MORC11,Papéis,84.51,0.85,0.94,1.07,11.96,-3.91,3.69,98.26,0.86,0.96,0.66,1.62,6.86,0,10.42
255,MORE11,Fundo de Fundos,73.27,0.84,0.7,0.91,9.01,5.52,29.48,84.06,0.87,0.83,1.49,2.33,-0.39,0,16.82
256,MXRF11,Papéis,10.57,1.07,0.11,1.03,11.93,0.1,19.52,9.86,1.07,1.12,-2.47,-1.38,4.37,3,9.07
257,NAVT11,Papéis,85.2,0.9,1.6,1.87,13.49,1.49,32.39,95.05,0.9,1.68,6.11,7.89,9.13,0,21.75
258,NCHB11,Papéis,80.95,0.89,0.85,1.04,12.59,2.15,2.67,90.69,0.89,0.94,1.22,2.17,5.96,0,13.0
259,NCRA11,Indefinido,10.54,1.0,0.13,1.2,13.81,-1.17,23.35,10.59,1.0,1.18,0.0,0.0,0.0,0,11.61
260,NCRI11,Papéis,8.94,0.87,0.1,1.11,9.83,2.48,2.35,0.0,0.0,0.0,0.0,0.0,0.0,0,30.97
261,NEWL11,Imóveis Industriais e Logísticos,109.11,0.8,0.95,0.87,10.23,1.48,23.61,137.14,0.8,0.69,14.2,14.99,31.23,3,11.39
262,NEWU11,Lajes Corporativas,77.0,1.1,0.2,0.24,2.5,13.01,96.16,70.03,1.1,0.29,0.6,0.89,8.12,3,28.21
263,NSLU11,Hospitalar,194.98,0.97,1.56,0.8,9.53,4.3,28.15,201.4,0.97,0.77,1.25,2.03,8.26,1,16.8
264,NVHO11,Hospitalar,11.86,0.85,0.08,0.74,8.31,1.01,22.54,14.02,0.85,0.6,0.5,1.1,18.3,4,45.48
265,NVIF11B,Fundo de Desenvolvimento,227.5,0.6,0.89,0.0,0.0,0.0,0.0,382.17,0.6,0.23,22.31,22.6,52.71,2,0.0
266,OCRE11,Papéis,102.95,1.02,0.63,0.61,1.21,0.61,0.61,0.0,0.0,0.0,0.0,0.0,0.0,0,6.34
267,OGHY11,Indefinido,9.42,1.0,0.09,0.9,9.41,-5.19,6.6,0.0,0.0,0.0,0.0,0.0,0.0,0,15.07
268,OIAG11,Indefinido,8.86,0.91,0.11,1.22,14.47,-2.66,-2.0,9.74,0.91,1.13,0.0,0.0,0.0,0,15.55
269,ONEF11,Lajes Corporativas,200.17,0.85,1.02,0.5,5.84,1.01,23.73,236.65,0.85,0.43,17.48,17.99,43.81,1,17.75
270,OPTM11,Misto,0.0,0.0,16.0,0.0,0.0,0.0,0.0,0.0,0.0,0.0,0.0,0.0,0.0,1,0.0
271,ORPD11,Fundo de Desenvolvimento,93.0,0.64,1.38,0.0,0.0,0.0,0.0,124.68,0.75,1.11,0.95,2.06,2.06,0,24.8
272,OUFF11,Fundo de Fundos,68.74,0.93,0.7,1.01,11.56,-1.15,20.88,73.63,0.93,0.95,-2.99,-2.07,4.04,3,11.79
273,OUJP11,Papéis,96.45,0.98,1.0,1.02,13.02,4.5,12.86,98.04,0.98,1.02,-1.85,-0.85,13.94,0,14.16
274,OULG11,Imóveis Industriais e Logísticos,31.6,0.47,0.3,0.95,11.43,-14.96,-17.38,67.5,0.47,0.44,0.88,1.33,-6.19,2,20.59
275,OURE11,Misto,72.18,0.79,0.8,1.1,12.75,-2.82,0.17,91.54,0.79,0.87,0.56,1.44,12.73,4,17.59
276,PABY11,Fundo de Desenvolvimento,17.37,0.0,0.13,0.0,0.0,0.0,0.0,251.42,0.07,0.0,1.74,1.74,5.49,15,72.17
277,PATB11,Lajes Corporativas,0.0,0.0,5.9,0.0,0.0,0.0,0.0,0.0,0.0,0.0,0.0,0.0,0.0,3,0.0
278,PATC11,Fundo de Desenvolvimento,38.99,0.92,1.5,3.76,18.58,-41.81,-29.48,42.34,0.92,3.54,-44.57,-42.61,-45.21,4,42.39
279,PATL11,Imóveis Industriais e Logísticos,63.29,0.64,0.6,0.95,9.6,-3.69,-0.97,98.34,0.64,0.61,0.22,0.84,8.4,4,24.33
280,PEMA11,Papéis,40.1,0.57,0.62,1.36,15.66,5.77,-28.69,0.0,0.0,0.0,0.0,0.0,0.0,0,77.91
281,PFIN11,Indefinido,69.1,0.0,2.1,3.01,7.52,2.72,17.42,0.0,0.0,0.0,0.0,0.0,0.0,0,19.89
282,PICE11,Indefinido,68.08,0.0,0.6,0.9,8.76,-3.55,-5.15,0.0,0.0,0.0,0.0,0.0,0.0,0,18.77
283,PLCA11,Indefinido,80.99,0.85,1.05,1.26,13.58,-4.76,-0.33,94.76,0.85,1.11,0.0,0.0,0.0,0,31.54
284,PLCR11,Papéis,85.5,0.93,0.8,0.91,12.27,0.85,17.23,91.86,0.93,0.87,1.29,2.17,12.47,0,10.16
285,PLOG11,Imóveis Industriais e Logísticos,66.71,0.63,0.7,0.99,4.09,3.02,0.55,100.39,0.66,0.75,-0.02,0.72,8.77,1,16.63
286,PLRI11,Papéis,15.5,0.54,0.39,2.33,13.08,0.0,0.0,28.6,0.54,1.37,-11.07,-9.85,-23.32,0,56.54
287,PMFO11,Misto,0.0,0.0,0.88,0.0,0.0,0.0,0.0,0.0,0.0,0.0,0.0,0.0,0.0,0,0.0
288,PNCR11,Imóveis Residenciais,87.17,1.0,1.49,0.0,0.0,0.0,0.0,0.0,0.0,0.0,0.0,0.0,0.0,0,88.19
289,PNDL11,Fundo de Desenvolvimento,0.0,1.24,0.12,0.0,0.0,0.0,0.0,0.0,0.0,0.0,0.0,0.0,0.0,0,51.05
290,PNRC11,Indefinido,102.49,1.01,3.3,0.0,0.0,0.0,0.0,0.0,0.0,0.0,0.0,0.0,0.0,0,1.53
291,PORD11,Papéis,88.15,0.9,0.98,1.11,12.81,-0.59,10.22,97.84,0.9,1.0,-0.27,0.73,11.6,0,12.21
292,PPEI11,Indefinido,88.08,0.0,4.0,4.62,4.62,9.12,9.12,0.0,0.0,0.0,0.0,0.0,0.0,0,18.85
293,PQAG11,Imóveis Industriais e Logísticos,57.02,1.0,0.45,0.78,8.86,1.66,14.27,57.12,1.0,0.79,-0.24,0.54,10.45,1,16.68
294,PQDP11,Shoppings,0.0,0.61,13.82,0.71,10.01,-1.81,-0.03,0.0,0.61,0.44,0.43,0.87,-2.49,1,28.61
295,PRSV11,Lajes Corporativas,62.48,0.3,14.1,0.0,0.0,0.0,0.0,364.23,0.17,0.44,-0.03,0.41,-3.81,1,67.33
296,PRTS11,Shoppings,117.7,0.0,0.05,0.0,0.0,0.0,0.0,0.0,0.0,0.0,0.0,0.0,0.0,2,0.0
297,PVBI11,Lajes Corporativas,101.15,1.01,0.7,0.69,7.37,-1.63,15.92,100.19,1.01,0.7,-3.1,-2.42,5.9,3,16.96
298,QAGR11,Indefinido,48.5,0.83,0.43,0.89,10.26,1.22,26.71,58.66,0.83,0.73,5.05,5.82,4.79,12,10.39
299,QAMI11,Papéis,84.68,0.91,1.0,1.17,10.21,7.94,16.3,92.8,0.91,1.08,1.42,2.51,14.58,0,18.89
300,QIRI11,Papéis,78.04,0.87,89.64,0.0,6.16,0.0,0.0,89.61,0.87,100.03,-0.41,99.21,116.58,0,9.65
301,RBCO11,Lajes Corporativas,0.0,0.0,0.5,0.0,0.0,0.0,0.0,90.22,0.0,0.22,1.03,1.25,-7.08,0,0.0
302,RBDS11,Fundo de Desenvolvimento,2.15,0.1,2.35,11.21,11.21,-45.73,-45.73,22.98,0.09,0.0,0.0,0.0,0.0,0,115.62
303,RBED11,Educacional,142.11,0.99,1.45,1.01,11.12,1.37,36.67,143.44,0.99,1.01,-0.44,0.56,13.11,7,14.51
304,RBFF11,Fundo de Fundos,59.13,0.87,0.51,0.85,9.93,0.23,24.4,67.6,0.87,0.75,5.91,6.71,14.18,0,18.35
305,RBGS11,Shoppings,28.45,0.31,0.18,0.62,5.1,-1.29,-25.72,90.78,0.31,0.18,0.0,0.18,1.17,1,0.0
306,RBHG11,Papéis,90.68,1.0,1.05,1.16,13.34,2.04,20.48,91.08,1.0,1.15,-1.09,0.05,10.73,0,11.22
307,RBHY11,Papéis,93.09,1.0,1.1,1.17,13.66,-0.11,10.63,93.24,1.0,1.18,-0.94,0.23,13.8,0,11.37
308,RBIF11,Fundo de Desenvolvimento,93.7,0.0,0.89,0.94,9.01,0.72,9.66,0.0,0.0,0.0,0.0,0.0,0.0,0,31.38
309,RBIR11,Fundo de Desenvolvimento,88.7,0.9,0.98,1.13,7.93,0.32,48.91,0.0,0.0,0.0,0.0,0.0,0.0,0,28.11
310,RBLG11,Imóveis Industriais e Logísticos,103.0,0.98,0.95,0.93,6.58,0.94,3.03,104.73,0.98,0.91,4.23,5.18,9.01,1,34.86
311,RBOP11,Lajes Corporativas,310.5,0.37,4.5,1.79,13.75,-9.57,-53.22,0.0,0.0,0.0,0.0,0.0,0.0,2,45.78
312,RBRD11,Varejo,39.17,0.59,0.34,0.86,9.84,-1.85,13.78,65.91,0.59,0.52,-0.42,0.09,-1.93,4,27.57
313,RBRF11,Fundo de Fundos,75.24,0.87,0.55,0.73,8.92,-2.15,20.95,86.86,0.87,0.63,6.12,6.79,7.44,0,18.75
314,RBRI11,Fundo de Desenvolvimento,916.01,0.77,17.86,0.0,0.0,0.0,0.0,0.0,0.0,0.0,0.0,0.0,0.0,0,51.23
315,RBRL11,Imóveis Industriais e Logísticos,84.85,0.81,0.72,0.84,8.74,1.58,15.11,105.39,0.81,0.68,-1.74,-1.07,6.98,6,19.15
316,RBRM11,Fundo de Desenvolvimento,0.0,3.59,0.0,0.0,0.0,0.0,0.0,0.0,0.0,0.0,0.0,0.0,0.0,0,0.0
317,RBRP11,Lajes Corporativas,53.49,0.65,0.28,0.54,5.65,1.21,13.92,82.17,0.65,0.34,0.58,0.92,4.9,10,28.9
318,RBRR11,Papéis,85.93,0.9,0.65,0.75,10.18,-3.27,8.35,95.34,0.9,0.68,1.35,2.04,5.03,0,16.13
319,RBRS11,Fundo de Desenvolvimento,52.37,0.55,0.4,0.72,6.68,1.27,10.05,94.33,0.56,0.42,0.26,0.68,6.71,2,39.05
320,RBRX11,Indefinido,9.15,0.09,0.1,1.08,13.47,1.08,16.86,0.0,0.0,0.0,0.0,0.0,0.0,0,14.1
321,RBRY11,Papéis,97.6,0.99,1.0,1.01,13.14,-0.52,16.67,98.39,0.99,1.02,-1.5,-0.5,4.64,0,15.7
322,RBTS11,Fundo de Desenvolvimento,725.0,1.13,23.0,2.56,2.56,0.0,0.0,640.15,1.13,3.59,-41.47,-39.37,-27.97,0,96.59
323,RBVA11,Varejo,112.99,1.05,1.0,0.93,10.5,-2.11,29.28,107.52,1.05,0.93,-1.7,-0.79,18.12,54,12.22
324,RBVO11,Papéis,8.62,0.51,0.03,0.35,2.32,4.02,-17.62,16.93,0.51,0.18,-2.31,-2.14,-24.23,0,37.83
325,RCFF11,Fundo de Fundos,90.0,0.88,1.23,1.32,1.32,0.0,0.0,91.47,0.98,1.35,-2.74,-1.44,0.33,0,106.9
326,RCRB11,Lajes Corporativas,154.36,0.74,0.8,0.53,6.24,1.61,34.14,209.12,0.74,0.38,0.86,1.24,11.14,9,24.65
327,RDPD11,Papéis,22.96,1.06,0.3,1.32,29.45,8.77,-0.47,33.95,0.68,0.94,-37.05,-36.45,-36.01,0,54.16
328,RECR11,Papéis,82.84,0.87,0.78,0.91,11.6,-0.74,6.92,95.46,0.87,0.81,0.14,0.95,14.9,1,14.79
329,RECT11,Lajes Corporativas,42.89,0.46,0.4,0.92,10.05,1.25,-11.29,92.59,0.46,0.43,-1.16,-0.74,1.39,9,18.72
330,RECX11,Fundo de Fundos,66.06,0.9,0.59,0.89,9.66,-0.23,3.99,73.36,0.9,0.8,-6.12,-5.36,-10.31,0,30.65
331,REIT11,Papéis,176.42,0.62,3.8,0.0,0.0,0.0,0.0,0.0,0.0,0.0,0.0,0.0,0.0,0,174.51
332,RELG11,Imóveis Industriais e Logísticos,48.75,0.39,0.7,0.99,1.97,-0.21,-1.43,121.67,0.4,0.58,-0.35,0.22,8.7,5,25.87
333,RFOF11,Fundo de Fundos,76.4,0.95,0.72,0.94,10.68,1.25,21.06,80.04,0.95,0.9,0.13,1.03,2.25,0,16.76
334,RINV11,Indefinido,108.44,1.01,1.1,1.01,11.57,0.82,25.83,0.0,0.0,0.0,0.0,0.0,0.0,0,7.26
335,RMAI11,Lajes Corporativas,63.97,0.64,0.3,0.53,5.85,-1.14,0.72,99.56,0.64,0.3,-7.7,-7.42,-5.36,2,56.73
336,RNDP11,Papéis,106.98,0.62,64.94,50.22,86.05,44.95,74.37,173.64,0.62,37.4,-10.19,23.39,-61.53,0,71.17
337,RNGO11,Lajes Corporativas,44.31,0.51,0.4,0.9,9.25,-1.52,-0.09,86.83,0.51,0.46,0.22,0.68,5.35,4,13.47
338,ROOF11,Fundo de Desenvolvimento,520.0,0.9,41.72,0.0,0.0,0.0,0.0,0.0,0.0,0.0,0.0,0.0,0.0,73,88.44
339,RPRI11,Papéis,102.0,1.01,0.93,0.91,12.28,1.59,18.21,0.0,0.0,0.0,0.0,0.0,0.0,0,19.53
340,RRCI11,Papéis,82.02,0.89,0.92,1.11,12.82,0.2,7.34,91.76,0.89,1.0,-2.47,-1.49,9.76,0,12.69
341,RSPD11,Fundo de Desenvolvimento,0.0,1.04,13.42,1.07,3.67,-2.82,-2.82,0.0,0.97,0.98,-1.08,-0.11,-0.11,0,117.05
342,RURA11,Misto,10.62,0.0,0.1,0.92,12.21,1.11,17.92,0.0,0.0,0.0,0.0,0.0,0.0,0,12.78
343,RVBI11,Fundo de Fundos,81.5,0.96,0.65,0.8,10.38,0.94,24.01,84.54,0.96,0.77,0.62,1.39,7.72,0,16.32
344,RZAG11,Indefinido,9.13,0.94,0.12,1.23,14.35,-2.74,13.14,9.75,0.94,1.18,2.01,3.21,16.08,0,12.46
345,RZAK11,Papéis,86.53,0.94,1.2,1.37,14.25,0.84,3.39,92.34,0.94,1.3,-1.46,-0.18,10.57,0,18.01
346,RZAT11,Imóveis Industriais e Logísticos,90.45,0.89,1.2,1.3,12.67,5.51,16.88,0.0,0.0,0.0,0.0,0.0,0.0,11,19.34
347,RZTR11,Misto,103.78,1.04,1.4,1.37,11.42,1.05,14.34,99.48,1.04,1.41,2.1,3.54,15.43,17,19.02
348,SADI11,Papéis,84.94,0.89,1.0,1.17,12.86,0.98,5.26,95.81,0.89,1.04,-3.26,-2.25,8.4,0,10.16
349,SARE11,Misto,46.82,0.53,0.45,0.94,10.46,-2.2,-22.16,88.44,0.53,0.51,-6.28,-5.81,-3.1,3,21.42
350,SCPF11,Shoppings,4.85,0.41,0.01,0.24,4.65,-0.77,-7.97,11.7,0.41,0.1,-0.09,0.02,-4.44,1,35.61
351,SDIL11,Imóveis Industriais e Logísticos,96.5,1.01,0.75,0.76,6.12,2.82,10.51,98.33,0.98,0.83,-0.22,0.61,9.86,5,14.97
352,SEED11,Indefinido,100.83,1.13,0.78,0.0,3.23,0.0,0.0,0.0,0.0,0.0,0.0,0.0,0.0,0,16.2
353,SEQR11,Misto,57.95,0.64,0.72,1.22,12.6,1.62,7.86,90.11,0.64,0.8,-3.89,-3.13,2.55,4,11.49
354,SHOP11,Shoppings,59.29,1.25,6.75,0.0,0.0,0.0,0.0,0.0,0.0,0.0,0.0,0.0,0.0,1,33.29
355,SHPH11,Shoppings,820.0,0.92,4.8,0.59,6.42,3.64,17.98,892.16,0.92,0.54,-0.23,0.31,5.25,1,28.88
356,SHSO11,Indefinido,0.0,0.0,0.83,0.0,0.0,0.0,0.0,0.0,0.0,0.0,0.0,0.0,0.0,0,0.0
357,SIGR11,Indefinido,96.0,0.94,1.38,0.0,0.0,0.0,0.0,0.0,0.0,0.0,0.0,0.0,0.0,0,12.99
358,SNAG11,Papéis,10.11,1.0,0.11,1.09,12.3,0.99,12.34,10.09,1.0,1.09,-90.04,-89.93,-89.6,0,5.45
359,SNCI11,Papéis,100.34,1.01,1.0,1.0,11.45,1.16,13.86,99.5,1.01,1.01,2.16,3.18,13.39,0,9.41
360,SNEL11,Indefinido,123.85,1.26,1.55,1.25,1.25,0.0,0.0,0.0,0.0,0.0,0.0,0.0,0.0,0,66.25
361,SNFF11,Fundo de Fundos,89.95,1.0,1.3,1.45,8.85,3.95,11.38,90.14,1.0,1.44,1.84,3.31,5.04,0,14.32
362,SNID11,Fundo de Desenvolvimento,103.44,0.0,1.15,1.11,12.41,2.25,13.46,0.0,0.0,0.0,0.0,0.0,0.0,0,4.08
363,SNLG11,Imóveis Industriais e Logísticos,24.45,0.87,0.35,0.99,1.85,-11.83,-14.27,0.0,0.0,0.0,0.0,0.0,0.0,2,30.03
364,SNME11,Indefinido,10.0,1.03,0.12,0.0,0.0,0.0,0.0,0.0,0.0,0.0,0.0,0.0,0.0,0,0.0
365,SOLR11,Imóveis Comerciais - Outros,0.0,1.14,4.77,0.0,0.0,0.0,0.0,0.0,0.0,0.0,0.0,0.0,0.0,1,102.03
366,SPMO11,Indefinido,120.0,0.86,0.43,0.0,0.0,0.0,0.0,0.0,0.0,0.0,0.0,0.0,0.0,0,0.42
367,SPTW11,Lajes Corporativas,40.73,0.73,0.46,1.1,11.7,2.52,14.99,55.96,0.73,0.82,0.39,1.22,16.23,1,12.08
368,SPVJ11,Shoppings,0.0,0.0,0.63,0.0,0.0,0.0,0.0,116.14,0.0,0.54,-0.09,0.46,16.73,14,0.0
369,SPXS11,Indefinido,8.86,0.92,0.09,1.01,12.9,-3.83,11.2,0.0,0.0,0.0,0.0,0.0,0.0,0,23.51
370,SRVD11,Indefinido,3.0,583.0,0.2,2.29,3.3,-7.73,-7.73,1.19,2.53,16.87,-0.11,16.74,25.64,0,122.09
371,STRX11,Fundo de Desenvolvimento,8.52,0.05,0.75,0.0,0.0,0.0,0.0,164.04,0.05,0.46,10.6,11.1,24.57,3,0.0
372,TCPF11,Misto,1.26,0.01,1.52,0.0,0.0,0.0,0.0,0.0,0.0,0.0,0.0,0.0,0.0,0,0.0
373,TEPP11,Lajes Corporativas,89.45,0.94,0.64,0.69,7.88,4.05,50.49,94.98,0.94,0.67,-0.77,-0.1,11.49,5,21.95
374,TGAR11,Fundo de Desenvolvimento,118.1,1.06,1.43,1.18,12.68,1.64,12.4,111.49,1.06,1.28,-12.75,-11.63,-1.46,8,12.62
375,TJKB11,Indefinido,268.43,1.0,2.57,0.95,1.88,0.0,0.0,0.0,0.0,0.0,0.0,0.0,0.0,7,16.25
376,TMPS11,Fundo de Fundos,93.29,0.9,0.95,1.01,4.13,-1.16,-8.01,0.0,0.0,0.0,0.0,0.0,0.0,0,16.22
377,TORD11,Misto,2.07,0.16,0.05,0.9,0.9,-23.85,-23.85,13.99,0.15,0.36,8.62,9.01,12.88,1,40.08
378,TRBL11,Imóveis Industriais e Logísticos,97.18,1.02,0.72,0.74,9.03,-0.68,11.73,0.0,0.0,0.0,0.0,0.0,0.0,5,14.36
379,TRNT11,Lajes Corporativas,125.92,0.64,0.22,0.18,2.3,-5.74,-22.61,197.7,0.64,0.11,0.41,0.52,-0.76,1,52.58
380,TRXB11,Fundo de Desenvolvimento,129.0,1.19,2.0,1.54,8.28,7.33,24.01,0.0,0.0,0.0,0.0,0.0,0.0,12,61.72
381,TRXF11,Imóveis Comerciais - Outros,108.0,1.04,0.9,0.83,8.94,1.58,13.02,103.83,1.04,0.87,-1.54,-0.68,15.25,30,8.5
382,TSER11,Lajes Corporativas,100.0,0.97,0.94,0.94,5.49,-2.94,-2.05,0.0,0.0,0.0,0.0,0.0,0.0,1,102.56
383,TVRI11,Agências de Bancos,95.75,0.97,0.91,0.96,10.79,2.87,22.86,0.0,0.0,0.0,0.0,0.0,0.0,63,12.87
384,URPR11,Papéis,84.03,0.82,1.1,1.29,14.28,-4.15,-3.07,102.66,0.82,1.07,3.9,5.01,29.98,0,15.11
385,VCJR11,Papéis,91.08,0.94,0.9,1.0,11.24,-0.57,10.82,97.01,0.94,0.93,2.93,3.88,17.15,0,12.29
386,VCRA11,Indefinido,92.72,0.9,1.1,1.23,13.57,-5.25,-3.98,102.96,0.9,1.07,0.56,1.64,3.13,0,15.42
387,VCRI11,Papéis,8.08,0.84,0.08,0.99,12.82,-1.1,0.71,9.63,0.84,0.83,1.9,2.75,4.58,0,12.18
388,VCRR11,Imóveis Residenciais,66.8,0.52,0.72,1.05,10.24,-4.67,3.68,128.14,0.52,0.56,-0.08,0.48,15.12,0,20.32
389,VGHF11,Misto,9.33,1.01,0.11,1.19,12.8,-0.84,12.12,9.25,1.01,1.19,0.98,2.18,15.3,0,11.27
390,VGIA11,Indefinido,8.36,0.87,0.1,1.15,14.76,-5.78,0.24,9.63,0.87,1.04,1.06,2.11,10.43,0,12.26
391,VGIP11,Papéis,86.8,0.93,0.7,0.82,11.35,-1.53,12.21,93.17,0.93,0.75,3.02,3.79,12.82,0,14.04
392,VGIR11,Papéis,9.69,0.99,0.11,1.12,13.84,0.91,14.63,9.76,0.99,1.13,1.24,2.39,-88.73,0,10.78
393,VIDS11,Fundo de Desenvolvimento,0.0,0.0,129.27,0.0,0.0,0.0,0.0,0.0,0.0,0.0,0.0,0.0,0.0,0,0.0
394,VIFI11,Fundo de Fundos,8.0,0.88,0.07,0.87,9.79,1.0,27.43,9.14,0.88,0.77,3.28,4.07,-68.17,0,15.78
395,VIGT11,Indefinido,76.57,0.0,2.4,3.13,12.7,-0.11,20.51,0.0,0.0,0.0,0.0,0.0,0.0,0,15.36
396,VILG11,Imóveis Industriais e Logísticos,94.7,0.85,0.65,0.67,7.42,-4.21,4.73,111.25,0.85,0.58,-0.91,-0.33,5.83,14,19.59
397,VINO11,Lajes Corporativas,7.5,0.69,0.06,0.76,7.88,0.89,-12.85,10.85,0.69,0.53,-80.18,-80.08,-78.89,10,24.05
398,VISC11,Shoppings,120.99,1.05,1.0,0.84,8.44,2.39,21.81,115.07,1.05,0.87,-7.07,-6.27,7.7,20,13.62
399,VIUR11,Misto,7.78,0.86,0.07,0.9,10.45,0.65,12.08,9.04,0.86,0.8,-1.74,-0.96,-89.68,8,17.85
400,VJFD11,Papéis,0.0,0.0,0.9,0.0,0.0,0.0,0.0,136.27,0.0,0.66,0.15,0.81,6.62,39,0.0
401,VLIQ11,Indefinido,0.0,0.0,5.04,0.0,0.0,0.0,0.0,0.0,0.0,0.0,0.0,0.0,0.0,0,0.0
402,VLOL11,Lajes Corporativas,98.0,0.88,16.3,0.0,0.0,0.0,0.0,111.06,0.88,0.55,-0.14,0.4,14.11,1,16.96
403,VOTS11,Papéis,81.48,0.87,0.89,1.09,13.91,-0.29,12.75,93.75,0.87,0.95,0.49,1.45,10.56,0,22.86
404,VRTA11,Papéis,86.82,0.93,0.7,0.79,10.38,1.22,10.65,93.19,0.93,0.75,2.22,2.98,12.3,0,11.18
405,VSEC11,Papéis,0.21,0.07,2.05,0.0,0.0,0.0,0.0,0.0,0.0,0.0,0.0,0.0,0.0,0,0.0
406,VSHO11,Shoppings,83.43,0.82,0.75,0.93,10.81,4.14,31.2,101.23,0.82,0.74,1.87,2.63,7.38,3,18.95
407,VSLH11,Papéis,4.05,0.38,0.04,0.97,9.21,19.2,-50.32,10.54,0.38,0.38,1.44,1.83,21.24,0,47.6
408,VTLT11,Imóveis Industriais e Logísticos,94.78,0.94,0.88,0.92,10.23,0.29,13.32,101.16,0.94,0.87,0.43,1.3,8.81,1,18.21
409,VTPL11,Papéis,0.0,0.0,5.11,0.0,0.0,0.0,0.0,0.0,0.0,0.0,0.0,0.0,0.0,2,0.0
410,VVCO11,Lajes Corporativas,13.54,1.0,11.16,62.87,62.87,0.0,0.0,0.0,0.0,0.0,0.0,0.0,0.0,1,25.2
411,VVCR11,Papéis,19.75,0.89,0.09,0.44,30.3,6.27,-6.85,0.0,0.0,0.0,0.0,0.0,0.0,0,45.33
412,VVPR11,Misto,101.5,1.04,0.89,0.89,6.65,1.3,15.02,98.03,1.04,0.74,-0.1,0.64,0.09,6,3.43
413,VVRI11,Indefinido,98.89,1.04,1.3,1.3,9.77,1.3,9.97,0.0,0.0,0.0,0.0,0.0,0.0,1,23.74
414,VXXV11,Fundo de Desenvolvimento,0.0,0.9,10.76,0.0,0.0,0.0,0.0,0.0,0.0,0.0,0.0,0.0,0.0,2,9.68
415,WPLZ11,Shoppings,63.65,0.73,0.41,0.68,7.29,2.66,-20.0,87.03,0.73,0.47,-0.88,-0.41,-10.51,1,40.73
416,WSEC11,Indefinido,83.85,0.83,1.2,1.4,15.21,0.35,2.84,0.0,0.0,0.0,0.0,0.0,0.0,0,10.65
417,WTSP11B,Misto,36.0,0.5,0.33,0.0,3.56,0.0,0.0,72.72,0.5,0.45,0.33,0.79,-2.05,2,92.1
418,XPCA11,Indefinido,8.92,0.94,0.11,1.18,13.91,-0.0,10.88,9.5,0.94,1.16,0.1,1.26,13.88,0,11.49
419,XPCI11,Papéis,83.88,0.9,0.8,0.93,12.13,-0.73,19.22,93.32,0.9,0.86,1.62,2.49,11.56,0,15.87
420,XPCM11,Lajes Corporativas,10.14,0.25,0.07,0.67,7.06,-3.42,-22.19,40.88,0.25,0.17,-7.28,-7.12,-22.49,1,26.51
421,XPHT11,Hotéis,123.0,1.03,0.41,0.91,114.34,4.34,-9.12,42.97,2.86,0.95,-54.39,-53.96,-49.95,12,29.85
422,XPID11,Fundo de Desenvolvimento,84.4,0.0,0.75,0.87,14.59,-0.74,15.05,0.0,0.0,0.0,0.0,0.0,0.0,0,10.77
423,XPIE11,Indefinido,81.99,0.0,0.6,0.75,9.89,-4.55,18.49,0.0,0.0,0.0,0.0,0.0,0.0,0,12.55
424,XPIN11,Imóveis Industriais e Logísticos,81.32,0.79,0.63,0.77,9.04,-4.16,20.24,102.66,0.79,0.61,-1.18,-0.58,0.87,98,15.6
425,XPLG11,Imóveis Industriais e Logísticos,102.69,0.93,0.78,0.73,8.03,-0.58,17.57,110.14,0.93,0.71,-3.32,-2.63,8.7,20,12.3
426,XPML11,Shoppings,112.25,1.0,0.9,0.8,8.59,-0.31,23.83,111.91,1.0,0.8,10.87,11.76,19.76,12,13.03
427,XPPR11,Lajes Corporativas,21.56,0.31,0.1,0.54,5.35,-4.04,-39.71,69.48,0.31,0.14,-6.58,-6.44,-9.97,5,24.61
428,XPSF11,Fundo de Fundos,8.08,0.95,0.08,0.95,10.84,-0.44,15.64,8.47,0.95,0.89,1.44,2.34,-89.3,0,15.32
429,XTED11,Lajes Corporativas,8.82,0.68,11.16,0.0,0.0,0.0,0.0,28.02,0.31,0.0,-0.36,-0.36,-3.45,1,29.46
430,YUFI11,Fundo de Desenvolvimento,88.49,0.86,0.39,0.0,1.09,0.0,0.0,0.0,0.0,0.0,0.0,0.0,0.0,28,196.76
431,YUFI11B,Indefinido,0.0,0.0,0.63,0.0,0.0,0.0,0.0,105.53,0.0,0.6,-0.01,0.59,6.32,0,0.0
432,ZAVI11,Indefinido,127.53,0.94,1.18,0.93,9.71,1.9,7.53,0.0,0.0,0.0,0.0,0.0,0.0,9,21.73
433,ZIFI11,Fundo de Desenvolvimento,850.0,0.71,3.31,0.0,0.0,0.0,0.0,0.0,0.0,0.0,0.0,0.0,0.0,0,76.87
